0,-6.02909e-006,7.44975e-006,3.83681e-008,-8.85957e-005,-9.19226e-007,-7.4393e-007,-8.15605e-005,0.188331
0.006,-4.60571e-006,5.69098e-006,3.83679e-008,-8.85952e-005,0.00129882,0.00105114,-8.15601e-005,0.18833
0.012,-3.18234e-006,3.93221e-006,3.83673e-008,-8.85939e-005,0.00259826,0.00210277,-8.15588e-005,0.188327
0.018,-1.75896e-006,2.17344e-006,3.83664e-008,-8.85916e-005,0.00389739,0.00315416,-8.15568e-005,0.188322
0.024,-3.35591e-007,4.14668e-007,3.8365e-008,-8.85885e-005,0.00519621,0.0042053,-8.15539e-005,0.188316
0.03,1.08778e-006,-1.3441e-006,3.83633e-008,-8.85844e-005,0.00649473,0.00525619,-8.15501e-005,0.188307
0.036,2.51116e-006,-3.10287e-006,3.83611e-008,-8.85795e-005,0.00779295,0.00630684,-8.15456e-005,0.188297
0.042,3.93453e-006,-4.86165e-006,3.83586e-008,-8.85736e-005,0.00909086,0.00735724,-8.15402e-005,0.188284
0.048,5.3579e-006,-6.62042e-006,3.83556e-008,-8.85669e-005,0.0103885,0.00840739,-8.15339e-005,0.18827
0.054,6.78128e-006,-8.37919e-006,3.83523e-008,-8.85592e-005,0.0116858,0.0094573,-8.15269e-005,0.188253
0.06,8.20465e-006,-1.0138e-005,3.83486e-008,-8.85506e-005,0.0129828,0.010507,-8.1519e-005,0.188235
0.066,9.62803e-006,-1.18967e-005,3.83445e-008,-8.85412e-005,0.0142795,0.0115564,-8.15103e-005,0.188215
0.072,1.10514e-005,-1.36555e-005,3.834e-008,-8.85308e-005,0.0155759,0.0126055,-8.15008e-005,0.188193
0.078,1.24748e-005,-1.54143e-005,3.83352e-008,-8.85196e-005,0.0168719,0.0136545,-8.14904e-005,0.188169
0.084,1.38981e-005,-1.7173e-005,3.83299e-008,-8.85074e-005,0.0181677,0.0147031,-8.14792e-005,0.188143
0.09,1.53215e-005,-1.89318e-005,3.83242e-008,-8.84943e-005,0.0194632,0.0157516,-8.14672e-005,0.188116
0.096,1.67449e-005,-2.06906e-005,3.83182e-008,-8.84804e-005,0.0207584,0.0167997,-8.14543e-005,0.188086
0.102,4.42985e-006,-5.47367e-006,3.83118e-008,-8.84655e-005,0.022053,0.0178475,-8.14407e-005,0.188054
0.108,4.56078e-006,-5.63546e-006,3.83049e-008,-8.84498e-005,0.0233466,0.0188944,-8.14262e-005,0.188021
0.114,4.69171e-006,-5.79724e-006,3.82977e-008,-8.84331e-005,0.0246392,0.0199405,-8.14108e-005,0.187985
0.12,4.82264e-006,-5.95902e-006,3.82901e-008,-8.84156e-005,0.0259308,0.0209858,-8.13947e-005,0.187948
0.126,4.95357e-006,-6.12081e-006,3.82821e-008,-8.83971e-005,0.0272214,0.0220303,-8.13777e-005,0.187909
0.132,5.0845e-006,-6.28259e-006,3.82737e-008,-8.83777e-005,0.028511,0.023074,-8.13598e-005,0.187868
0.138,5.21543e-006,-6.44437e-006,3.8265e-008,-8.83575e-005,0.0297997,0.0241169,-8.13412e-005,0.187825
0.144,5.34636e-006,-6.60615e-006,3.82558e-008,-8.83363e-005,0.0310874,0.0251591,-8.13217e-005,0.18778
0.15,5.47729e-006,-6.76794e-006,3.82463e-008,-8.83143e-005,0.0323742,0.0262004,-8.13014e-005,0.187733
0.156,5.60822e-006,-6.92972e-006,3.82363e-008,-8.82913e-005,0.0336599,0.027241,-8.12803e-005,0.187684
0.162,5.73915e-006,-7.0915e-006,3.8226e-008,-8.82675e-005,0.0349447,0.0282807,-8.12584e-005,0.187633
0.168,5.87008e-006,-7.25328e-006,3.82153e-008,-8.82428e-005,0.0362285,0.0293197,-8.12356e-005,0.187581
0.174,6.00101e-006,-7.41507e-006,3.82042e-008,-8.82171e-005,0.0375113,0.0303579,-8.1212e-005,0.187526
0.18,6.13194e-006,-7.57685e-006,3.81927e-008,-8.81906e-005,0.0387932,0.0313953,-8.11875e-005,0.18747
0.186,6.26288e-006,-7.73863e-006,3.81808e-008,-8.81631e-005,0.0400741,0.032432,-8.11623e-005,0.187412
0.192,6.39381e-006,-7.90042e-006,3.81685e-008,-8.81348e-005,0.041354,0.0334678,-8.11362e-005,0.187351
0.198,6.52474e-006,-8.0622e-006,3.81559e-008,-8.81056e-005,0.0426329,0.0345028,-8.11093e-005,0.187289
0.204,1.93699e-006,-2.39342e-006,3.81428e-008,-8.80755e-005,0.0439106,0.0355369,-8.10816e-005,0.187225
0.21,2.07958e-006,-2.5696e-006,3.81294e-008,-8.80445e-005,0.0451866,0.0365696,-8.1053e-005,0.187159
0.216,2.22217e-006,-2.74579e-006,3.81156e-008,-8.80125e-005,0.046461,0.0376009,-8.10237e-005,0.187091
0.222,2.36475e-006,-2.92197e-006,3.81014e-008,-8.79797e-005,0.0477338,0.038631,-8.09935e-005,0.187022
0.228,2.50734e-006,-3.09816e-006,3.80868e-008,-8.7946e-005,0.0490049,0.0396597,-8.09624e-005,0.18695
0.234,2.64993e-006,-3.27434e-006,3.80718e-008,-8.79115e-005,0.0502744,0.0406871,-8.09306e-005,0.186876
0.24,2.79251e-006,-3.45053e-006,3.80564e-008,-8.7876e-005,0.0515423,0.0417132,-8.08979e-005,0.186801
0.246,2.9351e-006,-3.62671e-006,3.80407e-008,-8.78396e-005,0.0528085,0.042738,-8.08644e-005,0.186724
0.252,3.07769e-006,-3.8029e-006,3.80245e-008,-8.78023e-005,0.0540731,0.0437614,-8.08301e-005,0.186644
0.258,3.22027e-006,-3.97908e-006,3.8008e-008,-8.77642e-005,0.0553361,0.0447835,-8.0795e-005,0.186563
0.264,3.36286e-006,-4.15527e-006,3.79911e-008,-8.77251e-005,0.0565974,0.0458043,-8.0759e-005,0.18648
0.27,3.50545e-006,-4.33146e-006,3.79738e-008,-8.76852e-005,0.0578571,0.0468238,-8.07223e-005,0.186395
0.276,3.64803e-006,-4.50764e-006,3.79561e-008,-8.76443e-005,0.0591152,0.0478419,-8.06847e-005,0.186309
0.282,3.79062e-006,-4.68383e-006,3.7938e-008,-8.76026e-005,0.0603716,0.0488587,-8.06463e-005,0.18622
0.288,3.93321e-006,-4.86001e-006,3.79196e-008,-8.756e-005,0.0616264,0.0498742,-8.0607e-005,0.186129
0.294,4.07579e-006,-5.0362e-006,3.79008e-008,-8.75165e-005,0.0628795,0.0508884,-8.0567e-005,0.186037
0.3,1.25463e-006,-1.55027e-006,3.78815e-008,-8.74721e-005,0.064131,0.0519013,-8.05261e-005,0.185942
0.306,1.37057e-006,-1.69352e-006,3.78619e-008,-8.74268e-005,0.0653805,0.0529124,-8.04844e-005,0.185846
0.312,1.4865e-006,-1.83677e-006,3.78419e-008,-8.73806e-005,0.0666276,0.0539218,-8.04419e-005,0.185748
0.318,1.60244e-006,-1.98003e-006,3.78215e-008,-8.73336e-005,0.0678725,0.0549292,-8.03986e-005,0.185648
0.324,1.71837e-006,-2.12328e-006,3.78008e-008,-8.72856e-005,0.0691151,0.0559349,-8.03545e-005,0.185546
0.33,1.83431e-006,-2.26653e-006,3.77796e-008,-8.72368e-005,0.0703554,0.0569387,-8.03095e-005,0.185442
0.336,1.95024e-006,-2.40979e-006,3.77581e-008,-8.71871e-005,0.0715935,0.0579406,-8.02637e-005,0.185337
0.342,2.06618e-006,-2.55304e-006,3.77362e-008,-8.71365e-005,0.0728292,0.0589407,-8.02171e-005,0.185229
0.348,2.18211e-006,-2.69629e-006,3.77139e-008,-8.7085e-005,0.0740627,0.0599389,-8.01697e-005,0.18512
0.354,2.29804e-006,-2.83955e-006,3.76912e-008,-8.70326e-005,0.0752939,0.0609353,-8.01215e-005,0.185008
0.36,2.41398e-006,-2.9828e-006,3.76681e-008,-8.69794e-005,0.0765228,0.0619299,-8.00725e-005,0.184895
0.366,2.52991e-006,-3.12605e-006,3.76447e-008,-8.69252e-005,0.0777494,0.0629226,-8.00227e-005,0.18478
0.372,2.64585e-006,-3.26931e-006,3.76209e-008,-8.68702e-005,0.0789737,0.0639135,-7.9972e-005,0.184663
0.378,2.76178e-006,-3.41256e-006,3.75967e-008,-8.68143e-005,0.0801958,0.0649025,-7.99206e-005,0.184544
0.384,2.87772e-006,-3.55581e-006,3.75721e-008,-8.67575e-005,0.0814156,0.0658896,-7.98683e-005,0.184424
0.39,2.99365e-006,-3.69907e-006,3.75471e-008,-8.66999e-005,0.0826331,0.066875,-7.98152e-005,0.184301
0.396,3.10959e-006,-3.84232e-006,3.75218e-008,-8.66413e-005,0.0838483,0.0678584,-7.97613e-005,0.184177
0.402,1.01321e-006,-1.25196e-006,3.7496e-008,-8.65819e-005,0.0850612,0.06884,-7.97066e-005,0.18405
0.408,1.11081e-006,-1.37256e-006,3.74699e-008,-8.65216e-005,0.0862712,0.0698193,-7.96511e-005,0.183922
0.414,1.20841e-006,-1.49315e-006,3.74434e-008,-8.64604e-005,0.0874783,0.0707962,-7.95948e-005,0.183792
0.42,1.30601e-006,-1.61375e-006,3.74165e-008,-8.63984e-005,0.0886825,0.0717708,-7.95377e-005,0.18366
0.426,1.40361e-006,-1.73435e-006,3.73893e-008,-8.63355e-005,0.0898838,0.072743,-7.94797e-005,0.183526
0.432,1.50121e-006,-1.85495e-006,3.73617e-008,-8.62717e-005,0.0910822,0.0737128,-7.9421e-005,0.183391
0.438,1.59881e-006,-1.97555e-006,3.73336e-008,-8.6207e-005,0.0922776,0.0746803,-7.93615e-005,0.183253
0.444,1.69641e-006,-2.09614e-006,3.73053e-008,-8.61414e-005,0.0934702,0.0756454,-7.93011e-005,0.183114
0.45,1.79401e-006,-2.21674e-006,3.72765e-008,-8.6075e-005,0.0946598,0.0766082,-7.924e-005,0.182973
0.456,1.89161e-006,-2.33734e-006,3.72473e-008,-8.60077e-005,0.0958465,0.0775686,-7.9178e-005,0.18283
0.462,1.98921e-006,-2.45794e-006,3.72178e-008,-8.59395e-005,0.0970303,0.0785266,-7.91153e-005,0.182685
0.468,2.08681e-006,-2.57854e-006,3.71879e-008,-8.58705e-005,0.0982111,0.0794823,-7.90517e-005,0.182538
0.474,2.18441e-006,-2.69913e-006,3.71577e-008,-8.58006e-005,0.0993891,0.0804356,-7.89873e-005,0.182389
0.48,2.28201e-006,-2.81973e-006,3.7127e-008,-8.57298e-005,0.100564,0.0813866,-7.89222e-005,0.182239
0.486,2.37961e-006,-2.94033e-006,3.7096e-008,-8.56582e-005,0.101736,0.0823352,-7.88562e-005,0.182087
0.492,2.47721e-006,-3.06093e-006,3.70646e-008,-8.55856e-005,0.102905,0.0832814,-7.87895e-005,0.181932
0.498,2.57481e-006,-3.18152e-006,3.70328e-008,-8.55122e-005,0.104072,0.0842253,-7.87219e-005,0.181776
0.504,8.77694e-007,-1.08451e-006,3.70006e-008,-8.5438e-005,0.105235,0.0851667,-7.86535e-005,0.181619
0.51,9.62821e-007,-1.1897e-006,3.69681e-008,-8.53629e-005,0.106395,0.0861052,-7.85844e-005,0.181459
0.516,1.04795e-006,-1.29488e-006,3.69352e-008,-8.52869e-005,0.107551,0.0870408,-7.85144e-005,0.181297
0.522,1.13308e-006,-1.40007e-006,3.69019e-008,-8.52101e-005,0.108703,0.0879736,-7.84437e-005,0.181134
0.528,1.2182e-006,-1.50526e-006,3.68683e-008,-8.51324e-005,0.109852,0.0889035,-7.83722e-005,0.180969
0.534,1.30333e-006,-1.61044e-006,3.68342e-008,-8.50538e-005,0.110998,0.0898306,-7.82998e-005,0.180802
0.54,1.38846e-006,-1.71563e-006,3.67998e-008,-8.49744e-005,0.11214,0.0907548,-7.82267e-005,0.180633
0.546,1.47359e-006,-1.82082e-006,3.67651e-008,-8.48941e-005,0.113278,0.0916762,-7.81528e-005,0.180462
0.552,1.55871e-006,-1.926e-006,3.67299e-008,-8.48129e-005,0.114413,0.0925947,-7.80781e-005,0.18029
0.558,1.64384e-006,-2.03119e-006,3.66944e-008,-8.47309e-005,0.115545,0.0935103,-7.80026e-005,0.180115
0.564,1.72897e-006,-2.13638e-006,3.66585e-008,-8.4648e-005,0.116673,0.0944231,-7.79263e-005,0.179939
0.57,1.8141e-006,-2.24156e-006,3.66223e-008,-8.45643e-005,0.117797,0.095333,-7.78492e-005,0.179761
0.576,1.89922e-006,-2.34675e-006,3.65856e-008,-8.44797e-005,0.118918,0.09624,-7.77714e-005,0.179582
0.582,1.98435e-006,-2.45194e-006,3.65486e-008,-8.43943e-005,0.120035,0.0971442,-7.76927e-005,0.1794
0.588,2.06948e-006,-2.55712e-006,3.65113e-008,-8.4308e-005,0.121149,0.0980456,-7.76133e-005,0.179217
0.594,2.15461e-006,-2.66231e-006,3.64735e-008,-8.42209e-005,0.122259,0.098944,-7.75331e-005,0.179031
0.6,7.16614e-007,-8.85475e-007,3.64354e-008,-8.41329e-005,0.123365,0.0998396,-7.74521e-005,0.178844
0.606,7.92931e-007,-9.79774e-007,3.6397e-008,-8.40441e-005,0.124468,0.100732,-7.73703e-005,0.178655
0.612,8.69247e-007,-1.07407e-006,3.63581e-008,-8.39544e-005,0.125567,0.101621,-7.72877e-005,0.178465
0.618,9.45563e-007,-1.16837e-006,3.63189e-008,-8.38638e-005,0.126661,0.102507,-7.72044e-005,0.178272
0.624,1.02188e-006,-1.26267e-006,3.62793e-008,-8.37725e-005,0.127752,0.103389,-7.71203e-005,0.178078
0.63,1.0982e-006,-1.35697e-006,3.62394e-008,-8.36802e-005,0.128838,0.104268,-7.70354e-005,0.177882
0.636,1.17451e-006,-1.45127e-006,3.61991e-008,-8.35872e-005,0.12992,0.105144,-7.69497e-005,0.177684
0.642,1.25083e-006,-1.54557e-006,3.61584e-008,-8.34932e-005,0.130998,0.106017,-7.68632e-005,0.177485
0.648,1.32714e-006,-1.63987e-006,3.61174e-008,-8.33985e-005,0.132072,0.106886,-7.6776e-005,0.177283
0.654,1.40346e-006,-1.73417e-006,3.6076e-008,-8.33029e-005,0.133141,0.107751,-7.66879e-005,0.17708
0.66,1.47978e-006,-1.82846e-006,3.60342e-008,-8.32064e-005,0.134207,0.108614,-7.65992e-005,0.176875
0.666,1.55609e-006,-1.92276e-006,3.59921e-008,-8.31091e-005,0.135268,0.109473,-7.65096e-005,0.176668
0.672,1.63241e-006,-2.01706e-006,3.59496e-008,-8.3011e-005,0.136325,0.110328,-7.64193e-005,0.176459
0.678,1.70873e-006,-2.11136e-006,3.59067e-008,-8.2912e-005,0.137379,0.11118,-7.63282e-005,0.176249
0.684,1.78504e-006,-2.20566e-006,3.58635e-008,-8.28122e-005,0.138428,0.112029,-7.62363e-005,0.176037
0.69,1.86136e-006,-2.29996e-006,3.58199e-008,-8.27116e-005,0.139472,0.112875,-7.61436e-005,0.175823
0.696,1.93767e-006,-2.39426e-006,3.5776e-008,-8.26101e-005,0.140513,0.113717,-7.60502e-005,0.175607
0.702,6.66651e-007,-8.23737e-007,3.57317e-008,-8.25078e-005,0.14155,0.114556,-7.5956e-005,0.17539
0.708,7.36521e-007,-9.10071e-007,3.5687e-008,-8.24047e-005,0.142582,0.115391,-7.58611e-005,0.175171
0.714,8.06392e-007,-9.96406e-007,3.5642e-008,-8.23007e-005,0.143609,0.116223,-7.57654e-005,0.17495
0.72,8.76263e-007,-1.08274e-006,3.55966e-008,-8.21959e-005,0.144631,0.11705,-7.56689e-005,0.174727
0.726,9.46133e-007,-1.16908e-006,3.55508e-008,-8.20903e-005,0.145649,0.117874,-7.55717e-005,0.174502
0.732,1.016e-006,-1.25541e-006,3.55047e-008,-8.19838e-005,0.146662,0.118694,-7.54737e-005,0.174276
0.738,1.08587e-006,-1.34174e-006,3.54583e-008,-8.18765e-005,0.147671,0.11951,-7.53749e-005,0.174048
0.744,1.15575e-006,-1.42808e-006,3.54115e-008,-8.17684e-005,0.148674,0.120322,-7.52754e-005,0.173818
0.75,1.22562e-006,-1.51441e-006,3.53643e-008,-8.16595e-005,0.149673,0.12113,-7.51751e-005,0.173586
0.756,1.29549e-006,-1.60075e-006,3.53167e-008,-8.15498e-005,0.150667,0.121935,-7.50741e-005,0.173353
0.762,1.36536e-006,-1.68708e-006,3.52689e-008,-8.14392e-005,0.151657,0.122736,-7.49723e-005,0.173118
0.768,1.43523e-006,-1.77342e-006,3.52206e-008,-8.13278e-005,0.152642,0.123533,-7.48697e-005,0.172881
0.774,1.5051e-006,-1.85975e-006,3.5172e-008,-8.12156e-005,0.153622,0.124326,-7.47664e-005,0.172643
0.78,1.57497e-006,-1.94609e-006,3.51231e-008,-8.11025e-005,0.154597,0.125115,-7.46623e-005,0.172403
0.786,1.64484e-006,-2.03242e-006,3.50738e-008,-8.09887e-005,0.155568,0.125901,-7.45575e-005,0.172161
0.792,1.71471e-006,-2.11876e-006,3.50241e-008,-8.0874e-005,0.156534,0.126683,-7.4452e-005,0.171917
0.798,1.78458e-006,-2.20509e-006,3.49741e-008,-8.07585e-005,0.157495,0.127461,-7.43457e-005,0.171671
0.804,6.32527e-007,-7.81572e-007,3.49237e-008,-8.06423e-005,0.158451,0.128235,-7.42386e-005,0.171424
0.81,6.97542e-007,-8.61908e-007,3.4873e-008,-8.05252e-005,0.159402,0.129004,-7.41308e-005,0.171175
0.816,7.62558e-007,-9.42243e-007,3.4822e-008,-8.04072e-005,0.160348,0.12977,-7.40223e-005,0.170925
0.822,8.27573e-007,-1.02258e-006,3.47705e-008,-8.02885e-005,0.161289,0.130531,-7.3913e-005,0.170672
0.828,8.92588e-007,-1.10291e-006,3.47188e-008,-8.0169e-005,0.162224,0.131288,-7.38029e-005,0.170418
0.834,9.57604e-007,-1.18325e-006,3.46667e-008,-8.00487e-005,0.163154,0.132041,-7.36922e-005,0.170162
0.84,1.02262e-006,-1.26358e-006,3.46142e-008,-7.99275e-005,0.164079,0.132789,-7.35807e-005,0.169905
0.846,1.08763e-006,-1.34392e-006,3.45614e-008,-7.98056e-005,0.164999,0.133533,-7.34684e-005,0.169646
0.852,1.15265e-006,-1.42425e-006,3.45082e-008,-7.96829e-005,0.165913,0.134273,-7.33554e-005,0.169385
0.858,1.21766e-006,-1.50459e-006,3.44547e-008,-7.95593e-005,0.166822,0.135009,-7.32417e-005,0.169122
0.864,1.28268e-006,-1.58492e-006,3.44009e-008,-7.9435e-005,0.167726,0.13574,-7.31272e-005,0.168858
0.87,1.3477e-006,-1.66526e-006,3.43467e-008,-7.93098e-005,0.168624,0.136467,-7.3012e-005,0.168592
0.876,1.41271e-006,-1.7456e-006,3.42922e-008,-7.91839e-005,0.169517,0.13719,-7.28961e-005,0.168324
0.882,1.47773e-006,-1.82593e-006,3.42373e-008,-7.90572e-005,0.170405,0.137909,-7.27794e-005,0.168055
0.888,1.54274e-006,-1.90627e-006,3.41821e-008,-7.89296e-005,0.171288,0.138623,-7.2662e-005,0.167784
0.894,1.60776e-006,-1.9866e-006,3.41265e-008,-7.88013e-005,0.172165,0.139333,-7.25439e-005,0.167511
0.9,5.47491e-007,-6.765e-007,3.40706e-008,-7.86722e-005,0.173037,0.140039,-7.2425e-005,0.167236
0.906,6.08752e-007,-7.52196e-007,3.40143e-008,-7.85423e-005,0.173904,0.14074,-7.23054e-005,0.16696
0.912,6.70013e-007,-8.27892e-007,3.39577e-008,-7.84116e-005,0.174765,0.141437,-7.21851e-005,0.166682
0.918,7.31274e-007,-9.03588e-007,3.39008e-008,-7.82802e-005,0.17562,0.142129,-7.20641e-005,0.166403
0.924,7.92535e-007,-9.79285e-007,3.38435e-008,-7.81479e-005,0.176469,0.142816,-7.19424e-005,0.166122
0.93,8.53796e-007,-1.05498e-006,3.37859e-008,-7.80149e-005,0.177312,0.143499,-7.18199e-005,0.165839
0.936,9.15057e-007,-1.13068e-006,3.3728e-008,-7.78811e-005,0.17815,0.144177,-7.16967e-005,0.165555
0.942,9.76318e-007,-1.20637e-006,3.36697e-008,-7.77465e-005,0.178982,0.14485,-7.15728e-005,0.165268
0.948,1.03758e-006,-1.28207e-006,3.3611e-008,-7.76111e-005,0.179808,0.145518,-7.14482e-005,0.164981
0.954,1.09884e-006,-1.35777e-006,3.35521e-008,-7.74749e-005,0.180628,0.146182,-7.13228e-005,0.164691
0.96,1.1601e-006,-1.43346e-006,3.34928e-008,-7.7338e-005,0.181442,0.146841,-7.11968e-005,0.1644
0.966,1.22136e-006,-1.50916e-006,3.34331e-008,-7.72003e-005,0.182251,0.147496,-7.107e-005,0.164107
0.972,1.28262e-006,-1.58485e-006,3.33732e-008,-7.70618e-005,0.183054,0.148146,-7.09425e-005,0.163813
0.978,1.34388e-006,-1.66055e-006,3.33129e-008,-7.69226e-005,0.183851,0.148791,-7.08143e-005,0.163517
0.984,1.40514e-006,-1.73625e-006,3.32522e-008,-7.67826e-005,0.184642,0.149431,-7.06854e-005,0.163219
0.99,1.46641e-006,-1.81194e-006,3.31913e-008,-7.66418e-005,0.185428,0.150067,-7.05558e-005,0.16292
0.996,1.52767e-006,-1.88764e-006,3.313e-008,-7.65002e-005,0.186207,0.150698,-7.04255e-005,0.162619
1.002,5.33777e-007,-6.59554e-007,3.30683e-008,-7.63579e-005,0.186981,0.151324,-7.02945e-005,0.162317
1.008,5.92062e-007,-7.31573e-007,3.30064e-008,-7.62149e-005,0.187749,0.151945,-7.01628e-005,0.162013
1.014,6.50347e-007,-8.03593e-007,3.29441e-008,-7.6071e-005,0.18851,0.152561,-7.00304e-005,0.161707
1.02,7.08632e-007,-8.75612e-007,3.28815e-008,-7.59264e-005,0.189265,0.153173,-6.98973e-005,0.161399
1.026,7.66917e-007,-9.47631e-007,3.28185e-008,-7.57811e-005,0.190014,0.153779,-6.97635e-005,0.161091
1.032,8.25202e-007,-1.01965e-006,3.27552e-008,-7.5635e-005,0.190757,0.154379,-6.96289e-005,0.16078
1.038,8.83487e-007,-1.09167e-006,3.26916e-008,-7.54881e-005,0.191493,0.154975,-6.94937e-005,0.160468
1.044,9.41772e-007,-1.16369e-006,3.26277e-008,-7.53405e-005,0.192223,0.155566,-6.93578e-005,0.160154
1.05,1.00006e-006,-1.23571e-006,3.25634e-008,-7.51921e-005,0.192947,0.156152,-6.92213e-005,0.159839
1.056,1.05834e-006,-1.30773e-006,3.24989e-008,-7.5043e-005,0.193664,0.156732,-6.9084e-005,0.159522
1.062,1.11663e-006,-1.37975e-006,3.2434e-008,-7.48931e-005,0.194375,0.157308,-6.8946e-005,0.159203
1.068,1.17491e-006,-1.45176e-006,3.23687e-008,-7.47425e-005,0.19508,0.157878,-6.88074e-005,0.158883
1.074,1.2332e-006,-1.52378e-006,3.23032e-008,-7.45911e-005,0.195779,0.158444,-6.8668e-005,0.158561
1.08,1.29148e-006,-1.5958e-006,3.22373e-008,-7.4439e-005,0.196471,0.159004,-6.8528e-005,0.158238
1.086,1.34977e-006,-1.66782e-006,3.21711e-008,-7.42862e-005,0.197157,0.159559,-6.83873e-005,0.157913
1.092,1.40805e-006,-1.73984e-006,3.21046e-008,-7.41326e-005,0.197836,0.160109,-6.82459e-005,0.157586
1.098,1.46634e-006,-1.81186e-006,3.20378e-008,-7.39783e-005,0.19851,0.160654,-6.81038e-005,0.157258
1.104,5.24506e-007,-6.48098e-007,3.19706e-008,-7.38232e-005,0.199177,0.161194,-6.79611e-005,0.156929
1.11,5.80371e-007,-7.17127e-007,3.19032e-008,-7.36674e-005,0.199837,0.161728,-6.78177e-005,0.156597
1.116,6.36236e-007,-7.86156e-007,3.18354e-008,-7.35109e-005,0.200491,0.162257,-6.76736e-005,0.156265
1.122,6.92102e-007,-8.55185e-007,3.17673e-008,-7.33537e-005,0.201137,0.16278,-6.75288e-005,0.15593
1.128,7.47967e-007,-9.24215e-007,3.16988e-008,-7.31957e-005,0.201777,0.163298,-6.73834e-005,0.155595
1.134,8.03832e-007,-9.93244e-007,3.16301e-008,-7.3037e-005,0.202411,0.163811,-6.72373e-005,0.155257
1.14,8.59697e-007,-1.06227e-006,3.15611e-008,-7.28775e-005,0.203037,0.164318,-6.70905e-005,0.154918
1.146,9.15563e-007,-1.1313e-006,3.14917e-008,-7.27174e-005,0.203657,0.164819,-6.6943e-005,0.154578
1.152,9.71428e-007,-1.20033e-006,3.1422e-008,-7.25565e-005,0.20427,0.165316,-6.67949e-005,0.154236
1.158,1.02729e-006,-1.26936e-006,3.1352e-008,-7.23949e-005,0.204876,0.165806,-6.66462e-005,0.153892
1.164,1.08316e-006,-1.33839e-006,3.12818e-008,-7.22326e-005,0.205476,0.166291,-6.64967e-005,0.153547
1.17,1.13902e-006,-1.40742e-006,3.12111e-008,-7.20695e-005,0.206068,0.166771,-6.63466e-005,0.153201
1.176,1.19489e-006,-1.47645e-006,3.11402e-008,-7.19058e-005,0.206654,0.167245,-6.61959e-005,0.152853
1.182,1.25075e-006,-1.54548e-006,3.1069e-008,-7.17413e-005,0.207234,0.167714,-6.60445e-005,0.152503
1.188,1.30662e-006,-1.61451e-006,3.09975e-008,-7.15761e-005,0.207806,0.168178,-6.58924e-005,0.152152
1.194,1.36248e-006,-1.68353e-006,3.09256e-008,-7.14102e-005,0.208372,0.168636,-6.57397e-005,0.151799
1.2,4.64561e-007,-5.74029e-007,3.08535e-008,-7.12437e-005,0.208931,0.169088,-6.55863e-005,0.151445
1.206,5.18405e-007,-6.4056e-007,3.0781e-008,-7.10764e-005,0.209483,0.169535,-6.54323e-005,0.15109
1.212,5.72248e-007,-7.0709e-007,3.07083e-008,-7.09084e-005,0.210028,0.169976,-6.52777e-005,0.150732
1.218,6.26091e-007,-7.73621e-007,3.06352e-008,-7.07397e-005,0.210566,0.170411,-6.51224e-005,0.150374
1.224,6.79934e-007,-8.40151e-007,3.05619e-008,-7.05703e-005,0.211096,0.17084,-6.49664e-005,0.150014
1.23,7.33777e-007,-9.06682e-007,3.04882e-008,-7.04002e-005,0.21162,0.171264,-6.48098e-005,0.149652
1.236,7.87621e-007,-9.73213e-007,3.04142e-008,-7.02294e-005,0.212136,0.171682,-6.46526e-005,0.149289
1.242,8.41464e-007,-1.03974e-006,3.034e-008,-7.00579e-005,0.212645,0.172094,-6.44947e-005,0.148924
1.248,8.95307e-007,-1.10627e-006,3.02654e-008,-6.98857e-005,0.213147,0.1725,-6.43362e-005,0.148558
1.254,9.4915e-007,-1.1728e-006,3.01905e-008,-6.97128e-005,0.213641,0.1729,-6.41771e-005,0.148191
1.26,1.00299e-006,-1.23933e-006,3.01154e-008,-6.95393e-005,0.214129,0.173295,-6.40173e-005,0.147822
1.266,1.05684e-006,-1.30587e-006,3.00399e-008,-6.9365e-005,0.214609,0.173683,-6.38569e-005,0.147452
1.272,1.11068e-006,-1.3724e-006,2.99641e-008,-6.91901e-005,0.215082,0.174066,-6.36958e-005,0.14708
1.278,1.16452e-006,-1.43893e-006,2.98881e-008,-6.90145e-005,0.215548,0.174443,-6.35342e-005,0.146707
1.284,1.21837e-006,-1.50546e-006,2.98117e-008,-6.88382e-005,0.216007,0.174815,-6.33719e-005,0.146332
1.29,1.27221e-006,-1.57199e-006,2.97351e-008,-6.86612e-005,0.216459,0.17518,-6.3209e-005,0.145956
1.296,1.32605e-006,-1.63852e-006,2.96582e-008,-6.84836e-005,0.216903,0.17554,-6.30454e-005,0.145578
1.302,4.62441e-007,-5.71409e-007,2.95809e-008,-6.83052e-005,0.217341,0.175894,-6.28813e-005,0.145199
1.308,5.14544e-007,-6.35789e-007,2.95034e-008,-6.81263e-005,0.217771,0.176242,-6.27165e-005,0.144818
1.314,5.66647e-007,-7.00169e-007,2.94256e-008,-6.79466e-005,0.218193,0.176583,-6.25511e-005,0.144436
1.32,6.1875e-007,-7.64549e-007,2.93475e-008,-6.77663e-005,0.218607,0.176919,-6.23851e-005,0.144053
1.326,6.70852e-007,-8.2893e-007,2.92691e-008,-6.75853e-005,0.219014,0.177248,-6.22185e-005,0.143668
1.332,7.22955e-007,-8.9331e-007,2.91905e-008,-6.74036e-005,0.219414,0.177572,-6.20512e-005,0.143282
1.338,7.75058e-007,-9.5769e-007,2.91115e-008,-6.72213e-005,0.219806,0.177889,-6.18834e-005,0.142895
1.344,8.27161e-007,-1.02207e-006,2.90323e-008,-6.70383e-005,0.22019,0.1782,-6.17149e-005,0.142506
1.35,8.79264e-007,-1.08645e-006,2.89527e-008,-6.68546e-005,0.220567,0.178505,-6.15459e-005,0.142115
1.356,9.31367e-007,-1.15083e-006,2.88729e-008,-6.66704e-005,0.220937,0.178804,-6.13762e-005,0.141724
1.362,9.8347e-007,-1.21521e-006,2.87928e-008,-6.64854e-005,0.221298,0.179097,-6.12059e-005,0.14133
1.368,1.03557e-006,-1.27959e-006,2.87124e-008,-6.62998e-005,0.221653,0.179383,-6.10351e-005,0.140936
1.374,1.08768e-006,-1.34397e-006,2.86318e-008,-6.61135e-005,0.221999,0.179664,-6.08636e-005,0.14054
1.38,1.13978e-006,-1.40835e-006,2.85508e-008,-6.59266e-005,0.222338,0.179938,-6.06915e-005,0.140143
1.386,1.19188e-006,-1.47273e-006,2.84696e-008,-6.57391e-005,0.22267,0.180207,-6.05189e-005,0.139744
1.392,1.24399e-006,-1.53711e-006,2.83881e-008,-6.55509e-005,0.222994,0.180469,-6.03456e-005,0.139344
1.398,1.29609e-006,-1.60149e-006,2.83063e-008,-6.53621e-005,0.22331,0.180725,-6.01718e-005,0.138942
1.404,4.61648e-007,-5.70429e-007,2.82243e-008,-6.51726e-005,0.223619,0.180975,-5.99974e-005,0.13854
1.41,5.12206e-007,-6.32899e-007,2.8142e-008,-6.49825e-005,0.22392,0.181218,-5.98224e-005,0.138136
1.416,5.62763e-007,-6.9537e-007,2.80594e-008,-6.47918e-005,0.224213,0.181455,-5.96468e-005,0.13773
1.422,6.1332e-007,-7.5784e-007,2.79765e-008,-6.46004e-005,0.224498,0.181686,-5.94706e-005,0.137323
1.428,6.63878e-007,-8.20311e-007,2.78933e-008,-6.44084e-005,0.224775,0.18191,-5.92938e-005,0.136915
1.434,7.14435e-007,-8.82781e-007,2.78099e-008,-6.42157e-005,0.225044,0.182128,-5.91165e-005,0.136506
1.44,7.64993e-007,-9.45252e-007,2.77262e-008,-6.40225e-005,0.225305,0.18234,-5.89386e-005,0.136095
1.446,8.1555e-007,-1.00772e-006,2.76422e-008,-6.38286e-005,0.225559,0.182545,-5.87601e-005,0.135683
1.452,8.66107e-007,-1.07019e-006,2.7558e-008,-6.36341e-005,0.225804,0.182743,-5.8581e-005,0.135269
1.458,9.16665e-007,-1.13266e-006,2.74735e-008,-6.3439e-005,0.226042,0.182936,-5.84014e-005,0.134854
1.464,9.67222e-007,-1.19513e-006,2.73887e-008,-6.32432e-005,0.226272,0.183122,-5.82212e-005,0.134438
1.47,1.01778e-006,-1.2576e-006,2.73037e-008,-6.30469e-005,0.226493,0.183301,-5.80404e-005,0.134021
1.476,1.06834e-006,-1.32007e-006,2.72184e-008,-6.28499e-005,0.226707,0.183474,-5.78591e-005,0.133602
1.482,1.11889e-006,-1.38255e-006,2.71328e-008,-6.26523e-005,0.226913,0.183641,-5.76772e-005,0.133182
1.488,1.16945e-006,-1.44502e-006,2.7047e-008,-6.24541e-005,0.227111,0.183801,-5.74948e-005,0.132761
1.494,1.22001e-006,-1.50749e-006,2.69609e-008,-6.22553e-005,0.227301,0.183955,-5.73118e-005,0.132338
1.5,4.12524e-007,-5.09729e-007,2.68746e-008,-6.20559e-005,0.227484,0.184103,-5.71282e-005,0.131914
1.506,4.61665e-007,-5.70449e-007,2.67879e-008,-6.18559e-005,0.227658,0.184244,-5.69441e-005,0.131489
1.512,5.10805e-007,-6.31168e-007,2.67011e-008,-6.16553e-005,0.227824,0.184378,-5.67594e-005,0.131063
1.518,5.59945e-007,-6.91887e-007,2.66139e-008,-6.14541e-005,0.227982,0.184505,-5.65742e-005,0.130635
1.524,6.09085e-007,-7.52606e-007,2.65265e-008,-6.12523e-005,0.228131,0.184626,-5.63884e-005,0.130206
1.53,6.58225e-007,-8.13326e-007,2.64389e-008,-6.10499e-005,0.228272,0.184741,-5.62021e-005,0.129776
1.536,7.07365e-007,-8.74045e-007,2.6351e-008,-6.08469e-005,0.228405,0.184849,-5.60152e-005,0.129344
1.542,7.56505e-007,-9.34764e-007,2.62628e-008,-6.06434e-005,0.22853,0.18495,-5.58278e-005,0.128912
1.548,8.05645e-007,-9.95484e-007,2.61744e-008,-6.04392e-005,0.228647,0.185044,-5.56399e-005,0.128478
1.554,8.54785e-007,-1.0562e-006,2.60857e-008,-6.02345e-005,0.228756,0.185132,-5.54514e-005,0.128043
1.56,9.03926e-007,-1.11692e-006,2.59968e-008,-6.00292e-005,0.228856,0.185213,-5.52624e-005,0.127606
1.566,9.53066e-007,-1.17764e-006,2.59077e-008,-5.98233e-005,0.228948,0.185288,-5.50728e-005,0.127168
1.572,1.00221e-006,-1.23836e-006,2.58182e-008,-5.96168e-005,0.229032,0.185355,-5.48827e-005,0.12673
1.578,1.05135e-006,-1.29908e-006,2.57286e-008,-5.94097e-005,0.229107,0.185417,-5.46921e-005,0.126289
1.584,1.10049e-006,-1.3598e-006,2.56387e-008,-5.92021e-005,0.229175,0.185471,-5.4501e-005,0.125848
1.59,1.14963e-006,-1.42052e-006,2.55485e-008,-5.89939e-005,0.229234,0.185519,-5.43093e-005,0.125405
1.596,1.19877e-006,-1.48124e-006,2.54581e-008,-5.87852e-005,0.229285,0.18556,-5.41171e-005,0.124962
1.602,4.14254e-007,-5.11867e-007,2.53674e-008,-5.85758e-005,0.229328,0.185595,-5.39244e-005,0.124517
1.608,4.62054e-007,-5.7093e-007,2.52765e-008,-5.83659e-005,0.229362,0.185623,-5.37312e-005,0.124071
1.614,5.09853e-007,-6.29993e-007,2.51854e-008,-5.81555e-005,0.229388,0.185644,-5.35375e-005,0.123623
1.62,5.57653e-007,-6.89056e-007,2.5094e-008,-5.79445e-005,0.229406,0.185658,-5.33432e-005,0.123175
1.626,6.05452e-007,-7.48118e-007,2.50024e-008,-5.77329e-005,0.229414,0.185665,-5.31485e-005,0.122725
1.632,6.53252e-007,-8.07181e-007,2.49105e-008,-5.75208e-005,0.229415,0.185666,-5.29532e-005,0.122274
1.638,7.01051e-007,-8.66244e-007,2.48184e-008,-5.73081e-005,0.229407,0.185659,-5.27574e-005,0.121822
1.644,7.48851e-007,-9.25306e-007,2.47261e-008,-5.70949e-005,0.22939,0.185646,-5.25611e-005,0.121369
1.65,7.9665e-007,-9.84369e-007,2.46335e-008,-5.68812e-005,0.229365,0.185625,-5.23643e-005,0.120914
1.656,8.4445e-007,-1.04343e-006,2.45407e-008,-5.66668e-005,0.229332,0.185598,-5.2167e-005,0.120459
1.662,8.92249e-007,-1.10249e-006,2.44477e-008,-5.6452e-005,0.22929,0.185565,-5.19693e-005,0.120002
1.668,9.40049e-007,-1.16156e-006,2.43544e-008,-5.62366e-005,0.22924,0.185524,-5.1771e-005,0.119544
1.674,9.87848e-007,-1.22062e-006,2.42609e-008,-5.60207e-005,0.229181,0.185476,-5.15722e-005,0.119085
1.68,1.03565e-006,-1.27968e-006,2.41671e-008,-5.58042e-005,0.229114,0.185422,-5.13729e-005,0.118625
1.686,1.08345e-006,-1.33875e-006,2.40732e-008,-5.55872e-005,0.229038,0.18536,-5.11732e-005,0.118164
1.692,1.13125e-006,-1.39781e-006,2.3979e-008,-5.53697e-005,0.228954,0.185292,-5.09729e-005,0.117701
1.698,1.17905e-006,-1.45687e-006,2.38845e-008,-5.51517e-005,0.228861,0.185217,-5.07722e-005,0.117238
1.704,4.15945e-007,-5.13956e-007,2.37899e-008,-5.49331e-005,0.22876,0.185135,-5.0571e-005,0.116773
1.71,4.6244e-007,-5.71407e-007,2.3695e-008,-5.4714e-005,0.22865,0.185046,-5.03693e-005,0.116307
1.716,5.08935e-007,-6.28858e-007,2.35999e-008,-5.44944e-005,0.228531,0.18495,-5.01671e-005,0.115841
1.722,5.5543e-007,-6.86309e-007,2.35045e-008,-5.42742e-005,0.228404,0.184847,-4.99644e-005,0.115373
1.728,6.01925e-007,-7.4376e-007,2.3409e-008,-5.40536e-005,0.228268,0.184737,-4.97613e-005,0.114904
1.734,6.4842e-007,-8.01211e-007,2.33132e-008,-5.38324e-005,0.228123,0.18462,-4.95577e-005,0.114434
1.74,6.94915e-007,-8.58662e-007,2.32172e-008,-5.36108e-005,0.22797,0.184496,-4.93537e-005,0.113962
1.746,7.4141e-007,-9.16113e-007,2.3121e-008,-5.33886e-005,0.227808,0.184365,-4.91491e-005,0.11349
1.752,7.87905e-007,-9.73564e-007,2.30246e-008,-5.31659e-005,0.227637,0.184227,-4.89441e-005,0.113017
1.758,8.344e-007,-1.03101e-006,2.29279e-008,-5.29427e-005,0.227458,0.184082,-4.87387e-005,0.112542
1.764,8.80895e-007,-1.08847e-006,2.2831e-008,-5.27191e-005,0.22727,0.183929,-4.85327e-005,0.112067
1.77,9.27391e-007,-1.14592e-006,2.2734e-008,-5.24949e-005,0.227073,0.18377,-4.83264e-005,0.11159
1.776,9.73886e-007,-1.20337e-006,2.26367e-008,-5.22702e-005,0.226867,0.183604,-4.81195e-005,0.111113
1.782,1.02038e-006,-1.26082e-006,2.25391e-008,-5.2045e-005,0.226653,0.183431,-4.79122e-005,0.110634
1.788,1.06688e-006,-1.31827e-006,2.24414e-008,-5.18194e-005,0.22643,0.18325,-4.77045e-005,0.110154
1.794,1.11337e-006,-1.37572e-006,2.23435e-008,-5.15932e-005,0.226199,0.183063,-4.74963e-005,0.109674
1.8,3.72102e-007,-4.59783e-007,2.22453e-008,-5.13666e-005,0.225959,0.182868,-4.72877e-005,0.109192
1.806,4.17297e-007,-5.15627e-007,2.2147e-008,-5.11395e-005,0.22571,0.182667,-4.70786e-005,0.108709
1.812,4.62492e-007,-5.71471e-007,2.20484e-008,-5.09119e-005,0.225452,0.182458,-4.68691e-005,0.108225
1.818,5.07687e-007,-6.27316e-007,2.19496e-008,-5.06838e-005,0.225185,0.182242,-4.66591e-005,0.10774
1.824,5.52882e-007,-6.8316e-007,2.18507e-008,-5.04553e-005,0.22491,0.182019,-4.64487e-005,0.107255
1.83,5.98076e-007,-7.39005e-007,2.17515e-008,-5.02263e-005,0.224625,0.181789,-4.62379e-005,0.106768
1.836,6.43271e-007,-7.94849e-007,2.16521e-008,-4.99968e-005,0.224332,0.181552,-4.60267e-005,0.10628
1.842,6.88466e-007,-8.50693e-007,2.15525e-008,-4.97669e-005,0.22403,0.181307,-4.5815e-005,0.105791
1.848,7.33661e-007,-9.06538e-007,2.14527e-008,-4.95364e-005,0.223719,0.181056,-4.56029e-005,0.105301
1.854,7.78856e-007,-9.62382e-007,2.13528e-008,-4.93056e-005,0.223399,0.180797,-4.53903e-005,0.104811
1.86,8.24051e-007,-1.01823e-006,2.12526e-008,-4.90742e-005,0.22307,0.180531,-4.51773e-005,0.104319
1.866,8.69246e-007,-1.07407e-006,2.11522e-008,-4.88424e-005,0.222733,0.180258,-4.4964e-005,0.103826
1.872,9.14441e-007,-1.12992e-006,2.10516e-008,-4.86102e-005,0.222386,0.179977,-4.47502e-005,0.103332
1.878,9.59636e-007,-1.18576e-006,2.09508e-008,-4.83775e-005,0.222031,0.17969,-4.45359e-005,0.102838
1.884,1.00483e-006,-1.2416e-006,2.08499e-008,-4.81444e-005,0.221667,0.179395,-4.43213e-005,0.102342
1.89,1.05003e-006,-1.29745e-006,2.07487e-008,-4.79108e-005,0.221294,0.179093,-4.41063e-005,0.101846
1.896,1.09522e-006,-1.35329e-006,2.06474e-008,-4.76767e-005,0.220913,0.178785,-4.38908e-005,0.101348
1.902,3.74175e-007,-4.62343e-007,2.05458e-008,-4.74423e-005,0.220522,0.178468,-4.3675e-005,0.10085
1.908,4.18049e-007,-5.16555e-007,2.04441e-008,-4.72073e-005,0.220122,0.178145,-4.34587e-005,0.10035
1.914,4.61922e-007,-5.70767e-007,2.03422e-008,-4.6972e-005,0.219714,0.177814,-4.3242e-005,0.09985
1.92,5.05796e-007,-6.24979e-007,2.024e-008,-4.67362e-005,0.219296,0.177476,-4.3025e-005,0.0993488
1.926,5.49669e-007,-6.79191e-007,2.01377e-008,-4.65e-005,0.21887,0.177131,-4.28075e-005,0.0988467
1.932,5.93543e-007,-7.33402e-007,2.00353e-008,-4.62634e-005,0.218434,0.176779,-4.25897e-005,0.0983436
1.938,6.37416e-007,-7.87614e-007,1.99326e-008,-4.60263e-005,0.21799,0.176419,-4.23714e-005,0.0978397
1.944,6.8129e-007,-8.41826e-007,1.98298e-008,-4.57888e-005,0.217536,0.176052,-4.21528e-005,0.0973349
1.95,7.25164e-007,-8.96038e-007,1.97267e-008,-4.55509e-005,0.217074,0.175678,-4.19338e-005,0.0968291
1.956,7.69037e-007,-9.5025e-007,1.96235e-008,-4.53126e-005,0.216602,0.175296,-4.17144e-005,0.0963225
1.962,8.12911e-007,-1.00446e-006,1.95201e-008,-4.50738e-005,0.216122,0.174908,-4.14946e-005,0.095815
1.968,8.56784e-007,-1.05867e-006,1.94166e-008,-4.48347e-005,0.215633,0.174512,-4.12744e-005,0.0953067
1.974,9.00658e-007,-1.11289e-006,1.93128e-008,-4.45951e-005,0.215134,0.174108,-4.10539e-005,0.0947974
1.98,9.44531e-007,-1.1671e-006,1.92089e-008,-4.43552e-005,0.214627,0.173698,-4.0833e-005,0.0942873
1.986,9.88405e-007,-1.22131e-006,1.91048e-008,-4.41148e-005,0.214111,0.17328,-4.06117e-005,0.0937763
1.992,1.03228e-006,-1.27552e-006,1.90005e-008,-4.3874e-005,0.213586,0.172855,-4.03901e-005,0.0932645
1.998,1.07615e-006,-1.32973e-006,1.88961e-008,-4.36328e-005,0.213052,0.172423,-4.0168e-005,0.0927519
2.004,3.7546e-007,-4.63932e-007,1.87915e-008,-4.33913e-005,0.212508,0.171983,-3.99457e-005,0.0922384
2.01,4.1797e-007,-5.16459e-007,1.86867e-008,-4.31493e-005,0.211956,0.171536,-3.97229e-005,0.091724
2.016,4.60481e-007,-5.68987e-007,1.85817e-008,-4.2907e-005,0.211395,0.171082,-3.94998e-005,0.0912089
2.022,5.02992e-007,-6.21515e-007,1.84766e-008,-4.26642e-005,0.210824,0.17062,-3.92764e-005,0.0906929
2.028,5.45503e-007,-6.74043e-007,1.83713e-008,-4.24211e-005,0.210245,0.170151,-3.90525e-005,0.090176
2.034,5.88014e-007,-7.26571e-007,1.82659e-008,-4.21776e-005,0.209657,0.169675,-3.88284e-005,0.0896584
2.04,6.30525e-007,-7.79099e-007,1.81602e-008,-4.19337e-005,0.209059,0.169192,-3.86039e-005,0.08914
2.046,6.73036e-007,-8.31627e-007,1.80545e-008,-4.16895e-005,0.208453,0.168701,-3.8379e-005,0.0886208
2.052,7.15547e-007,-8.84155e-007,1.79485e-008,-4.14448e-005,0.207837,0.168203,-3.81538e-005,0.0881007
2.058,7.58057e-007,-9.36683e-007,1.78424e-008,-4.11998e-005,0.207213,0.167697,-3.79282e-005,0.0875799
2.064,8.00568e-007,-9.89211e-007,1.77361e-008,-4.09545e-005,0.206579,0.167184,-3.77023e-005,0.0870583
2.07,8.43079e-007,-1.04174e-006,1.76297e-008,-4.07087e-005,0.205936,0.166664,-3.74761e-005,0.0865359
2.076,8.8559e-007,-1.09427e-006,1.75231e-008,-4.04626e-005,0.205285,0.166137,-3.72496e-005,0.0860128
2.082,9.28101e-007,-1.14679e-006,1.74164e-008,-4.02161e-005,0.204624,0.165602,-3.70227e-005,0.0854889
2.088,9.70612e-007,-1.19932e-006,1.73095e-008,-3.99693e-005,0.203954,0.16506,-3.67954e-005,0.0849642
2.094,1.01312e-006,-1.25185e-006,1.72025e-008,-3.97222e-005,0.203276,0.164511,-3.65679e-005,0.0844388
2.1,3.34683e-007,-4.13546e-007,1.70953e-008,-3.94746e-005,0.202588,0.163954,-3.634e-005,0.0839126
2.106,3.75773e-007,-4.64319e-007,1.69879e-008,-3.92268e-005,0.201891,0.16339,-3.61118e-005,0.0833857
2.112,4.16864e-007,-5.15092e-007,1.68804e-008,-3.89785e-005,0.201185,0.162819,-3.58833e-005,0.082858
2.118,4.57954e-007,-5.65865e-007,1.67728e-008,-3.873e-005,0.20047,0.16224,-3.56545e-005,0.0823296
2.124,4.99045e-007,-6.16638e-007,1.6665e-008,-3.84811e-005,0.199746,0.161654,-3.54254e-005,0.0818005
2.13,5.40135e-007,-6.6741e-007,1.6557e-008,-3.82318e-005,0.199012,0.161061,-3.51959e-005,0.0812707
2.136,5.81226e-007,-7.18183e-007,1.6449e-008,-3.79822e-005,0.19827,0.16046,-3.49661e-005,0.0807402
2.142,6.22316e-007,-7.68956e-007,1.63407e-008,-3.77323e-005,0.197519,0.159852,-3.47361e-005,0.0802089
2.148,6.63406e-007,-8.19729e-007,1.62324e-008,-3.74821e-005,0.196759,0.159237,-3.45057e-005,0.079677
2.154,7.04497e-007,-8.70501e-007,1.61238e-008,-3.72315e-005,0.195989,0.158614,-3.4275e-005,0.0791443
2.16,7.45587e-007,-9.21274e-007,1.60152e-008,-3.69806e-005,0.195211,0.157984,-3.40441e-005,0.078611
2.166,7.86678e-007,-9.72047e-007,1.59064e-008,-3.67294e-005,0.194423,0.157347,-3.38128e-005,0.078077
2.172,8.27768e-007,-1.02282e-006,1.57975e-008,-3.64779e-005,0.193627,0.156702,-3.35812e-005,0.0775423
2.178,8.68859e-007,-1.07359e-006,1.56884e-008,-3.6226e-005,0.192821,0.15605,-3.33494e-005,0.0770069
2.184,9.09949e-007,-1.12437e-006,1.55792e-008,-3.59738e-005,0.192006,0.155391,-3.31172e-005,0.0764709
2.19,9.5104e-007,-1.17514e-006,1.54699e-008,-3.57214e-005,0.191182,0.154724,-3.28848e-005,0.0759342
2.196,9.9213e-007,-1.22591e-006,1.53604e-008,-3.54686e-005,0.19035,0.15405,-3.26521e-005,0.0753968
2.202,3.35358e-007,-4.1438e-007,1.52508e-008,-3.52155e-005,0.189508,0.153369,-3.24191e-005,0.0748588
2.208,3.74958e-007,-4.63311e-007,1.5141e-008,-3.49621e-005,0.188657,0.15268,-3.21858e-005,0.0743202
2.214,4.14557e-007,-5.12241e-007,1.50312e-008,-3.47084e-005,0.187797,0.151984,-3.19523e-005,0.0737809
2.22,4.54156e-007,-5.61171e-007,1.49212e-008,-3.44544e-005,0.186928,0.151281,-3.17185e-005,0.073241
2.226,4.93756e-007,-6.10102e-007,1.48111e-008,-3.42002e-005,0.18605,0.15057,-3.14844e-005,0.0727005
2.232,5.33355e-007,-6.59032e-007,1.47008e-008,-3.39456e-005,0.185163,0.149852,-3.125e-005,0.0721594
2.238,5.72954e-007,-7.07962e-007,1.45904e-008,-3.36907e-005,0.184266,0.149127,-3.10154e-005,0.0716176
2.244,6.12554e-007,-7.56893e-007,1.448e-008,-3.34356e-005,0.183361,0.148394,-3.07806e-005,0.0710753
2.25,6.52153e-007,-8.05823e-007,1.43693e-008,-3.31802e-005,0.182447,0.147654,-3.05454e-005,0.0705323
2.256,6.91752e-007,-8.54754e-007,1.42586e-008,-3.29245e-005,0.181524,0.146907,-3.031e-005,0.0699887
2.262,7.31352e-007,-9.03684e-007,1.41477e-008,-3.26685e-005,0.180592,0.146153,-3.00744e-005,0.0694446
2.268,7.70951e-007,-9.52614e-007,1.40368e-008,-3.24123e-005,0.17965,0.145391,-2.98385e-005,0.0688999
2.274,8.1055e-007,-1.00154e-006,1.39257e-008,-3.21557e-005,0.1787,0.144622,-2.96023e-005,0.0683546
2.28,8.5015e-007,-1.05047e-006,1.38145e-008,-3.18989e-005,0.177741,0.143846,-2.93659e-005,0.0678087
2.286,8.89749e-007,-1.09941e-006,1.37032e-008,-3.16419e-005,0.176773,0.143062,-2.91293e-005,0.0672623
2.292,9.29348e-007,-1.14834e-006,1.35917e-008,-3.13846e-005,0.175795,0.142271,-2.88924e-005,0.0667153
2.298,9.68948e-007,-1.19727e-006,1.34802e-008,-3.1127e-005,0.174809,0.141473,-2.86553e-005,0.0661678
2.304,3.34843e-007,-4.13743e-007,1.33685e-008,-3.08692e-005,0.173813,0.140667,-2.84179e-005,0.0656197
2.31,3.7287e-007,-4.60731e-007,1.32567e-008,-3.06111e-005,0.172809,0.139854,-2.81803e-005,0.0650711
2.316,4.10897e-007,-5.07719e-007,1.31449e-008,-3.03528e-005,0.171796,0.139034,-2.79425e-005,0.0645219
2.322,4.48924e-007,-5.54706e-007,1.30329e-008,-3.00942e-005,0.170773,0.138207,-2.77045e-005,0.0639722
2.328,4.86951e-007,-6.01694e-007,1.29208e-008,-2.98353e-005,0.169742,0.137372,-2.74662e-005,0.063422
2.334,5.24978e-007,-6.48681e-007,1.28086e-008,-2.95763e-005,0.168702,0.13653,-2.72277e-005,0.0628713
2.34,5.63005e-007,-6.95669e-007,1.26963e-008,-2.9317e-005,0.167653,0.135681,-2.6989e-005,0.0623201
2.346,6.01032e-007,-7.42657e-007,1.25839e-008,-2.90574e-005,0.166595,0.134825,-2.675e-005,0.0617684
2.352,6.39059e-007,-7.89644e-007,1.24714e-008,-2.87976e-005,0.165527,0.133961,-2.65109e-005,0.0612162
2.358,6.77086e-007,-8.36632e-007,1.23588e-008,-2.85376e-005,0.164451,0.133091,-2.62715e-005,0.0606635
2.364,7.15113e-007,-8.83619e-007,1.22461e-008,-2.82774e-005,0.163367,0.132213,-2.60319e-005,0.0601103
2.37,7.5314e-007,-9.30607e-007,1.21333e-008,-2.80169e-005,0.162273,0.131327,-2.57922e-005,0.0595566
2.376,7.91167e-007,-9.77595e-007,1.20204e-008,-2.77563e-005,0.16117,0.130435,-2.55522e-005,0.0590025
2.382,8.29195e-007,-1.02458e-006,1.19074e-008,-2.74954e-005,0.160058,0.129535,-2.5312e-005,0.0584478
2.388,8.67222e-007,-1.07157e-006,1.17943e-008,-2.72342e-005,0.158937,0.128628,-2.50716e-005,0.0578928
2.394,9.05249e-007,-1.11856e-006,1.16812e-008,-2.69729e-005,0.157808,0.127714,-2.4831e-005,0.0573373
2.4,2.96651e-007,-3.66553e-007,1.15679e-008,-2.67114e-005,0.156669,0.126792,-2.45903e-005,0.0567813
2.406,3.33017e-007,-4.11487e-007,1.14545e-008,-2.64496e-005,0.155521,0.125864,-2.43493e-005,0.0562249
2.412,3.69382e-007,-4.56421e-007,1.13411e-008,-2.61877e-005,0.154365,0.124928,-2.41082e-005,0.055668
2.418,4.05747e-007,-5.01355e-007,1.12276e-008,-2.59255e-005,0.1532,0.123985,-2.38668e-005,0.0551108
2.424,4.42112e-007,-5.46289e-007,1.11139e-008,-2.56632e-005,0.152026,0.123035,-2.36253e-005,0.0545531
2.43,4.78477e-007,-5.91223e-007,1.10002e-008,-2.54006e-005,0.150843,0.122077,-2.33836e-005,0.053995
2.436,5.14842e-007,-6.36158e-007,1.08865e-008,-2.51379e-005,0.149651,0.121113,-2.31417e-005,0.0534365
2.442,5.51208e-007,-6.81092e-007,1.07726e-008,-2.48749e-005,0.148451,0.120141,-2.28997e-005,0.0528775
2.448,5.87573e-007,-7.26026e-007,1.06586e-008,-2.46118e-005,0.147242,0.119163,-2.26574e-005,0.0523182
2.454,6.23938e-007,-7.7096e-007,1.05446e-008,-2.43485e-005,0.146024,0.118177,-2.24151e-005,0.0517585
2.46,6.60303e-007,-8.15894e-007,1.04305e-008,-2.4085e-005,0.144797,0.117184,-2.21725e-005,0.0511984
2.466,6.96668e-007,-8.60828e-007,1.03163e-008,-2.38214e-005,0.143561,0.116184,-2.19298e-005,0.0506379
2.472,7.33033e-007,-9.05762e-007,1.02021e-008,-2.35575e-005,0.142316,0.115177,-2.16869e-005,0.0500771
2.478,7.69398e-007,-9.50696e-007,1.00877e-008,-2.32935e-005,0.141063,0.114162,-2.14438e-005,0.0495159
2.484,8.05764e-007,-9.9563e-007,9.97332e-009,-2.30294e-005,0.139801,0.113141,-2.12006e-005,0.0489543
2.49,8.42129e-007,-1.04056e-006,9.85884e-009,-2.2765e-005,0.13853,0.112112,-2.09573e-005,0.0483924
2.496,8.78494e-007,-1.0855e-006,9.74429e-009,-2.25005e-005,0.13725,0.111077,-2.07138e-005,0.0478301
2.502,2.95159e-007,-3.64708e-007,9.62967e-009,-2.22358e-005,0.135962,0.110034,-2.04701e-005,0.0472675
2.508,3.29765e-007,-4.07469e-007,9.51499e-009,-2.1971e-005,0.134664,0.108984,-2.02263e-005,0.0467046
2.514,3.64371e-007,-4.5023e-007,9.40023e-009,-2.1706e-005,0.133358,0.107927,-1.99824e-005,0.0461413
2.52,3.98977e-007,-4.9299e-007,9.28541e-009,-2.14409e-005,0.132044,0.106863,-1.97383e-005,0.0455777
2.526,4.33583e-007,-5.35751e-007,9.17053e-009,-2.11756e-005,0.130721,0.105792,-1.94941e-005,0.0450138
2.532,4.6819e-007,-5.78512e-007,9.05558e-009,-2.09102e-005,0.129389,0.104714,-1.92498e-005,0.0444495
2.538,5.02796e-007,-6.21272e-007,8.94057e-009,-2.06446e-005,0.128048,0.103629,-1.90053e-005,0.043885
2.544,5.37402e-007,-6.64033e-007,8.8255e-009,-2.03789e-005,0.126699,0.102538,-1.87607e-005,0.0433202
2.55,5.72008e-007,-7.06794e-007,8.71037e-009,-2.01131e-005,0.125341,0.101439,-1.85159e-005,0.0427551
2.556,6.06614e-007,-7.49554e-007,8.59518e-009,-1.98471e-005,0.123975,0.100333,-1.82711e-005,0.0421897
2.562,6.41221e-007,-7.92315e-007,8.47993e-009,-1.9581e-005,0.1226,0.0992201,-1.80261e-005,0.041624
2.568,6.75827e-007,-8.35076e-007,8.36463e-009,-1.93147e-005,0.121216,0.0981003,-1.7781e-005,0.041058
2.574,7.10433e-007,-8.77836e-007,8.24928e-009,-1.90484e-005,0.119824,0.0969736,-1.75358e-005,0.0404918
2.58,7.45039e-007,-9.20597e-007,8.13387e-009,-1.87819e-005,0.118423,0.0958398,-1.72905e-005,0.0399253
2.586,7.79645e-007,-9.63358e-007,8.01841e-009,-1.85153e-005,0.117014,0.094699,-1.7045e-005,0.0393586
2.592,8.14252e-007,-1.00612e-006,7.9029e-009,-1.82486e-005,0.115595,0.0935513,-1.67995e-005,0.0387916
2.598,8.48858e-007,-1.04888e-006,7.78734e-009,-1.79817e-005,0.114169,0.0923966,-1.65538e-005,0.0382244
2.604,2.92212e-007,-3.61067e-007,7.67173e-009,-1.77148e-005,0.112733,0.0912349,-1.63081e-005,0.0376569
2.61,3.24956e-007,-4.01528e-007,7.55608e-009,-1.74477e-005,0.111289,0.0900664,-1.60622e-005,0.0370892
2.616,3.57701e-007,-4.41988e-007,7.44038e-009,-1.71806e-005,0.109837,0.0888911,-1.58163e-005,0.0365213
2.622,3.90445e-007,-4.82448e-007,7.32464e-009,-1.69133e-005,0.108376,0.0877089,-1.55702e-005,0.0359532
2.628,4.2319e-007,-5.22909e-007,7.20885e-009,-1.66459e-005,0.106907,0.08652,-1.53241e-005,0.0353848
2.634,4.55935e-007,-5.63369e-007,7.09302e-009,-1.63785e-005,0.10543,0.0853243,-1.50779e-005,0.0348163
2.64,4.88679e-007,-6.03829e-007,6.97716e-009,-1.61109e-005,0.103944,0.0841218,-1.48316e-005,0.0342476
2.646,5.21424e-007,-6.4429e-007,6.86125e-009,-1.58433e-005,0.10245,0.0829125,-1.45852e-005,0.0336786
2.652,5.54168e-007,-6.8475e-007,6.74531e-009,-1.55756e-005,0.100947,0.0816964,-1.43387e-005,0.0331095
2.658,5.86913e-007,-7.2521e-007,6.62933e-009,-1.53077e-005,0.0994359,0.0804735,-1.40922e-005,0.0325402
2.664,6.19657e-007,-7.65671e-007,6.51331e-009,-1.50399e-005,0.0979164,0.0792438,-1.38456e-005,0.0319708
2.67,6.52402e-007,-8.06131e-007,6.39726e-009,-1.47719e-005,0.0963885,0.0780072,-1.35989e-005,0.0314011
2.676,6.85146e-007,-8.46591e-007,6.28118e-009,-1.45038e-005,0.0948523,0.0767639,-1.33521e-005,0.0308313
2.682,7.17891e-007,-8.87052e-007,6.16507e-009,-1.42357e-005,0.0933076,0.0755138,-1.31053e-005,0.0302614
2.688,7.50636e-007,-9.27512e-007,6.04892e-009,-1.39675e-005,0.0917545,0.0742569,-1.28584e-005,0.0296913
2.694,7.8338e-007,-9.67972e-007,5.93275e-009,-1.36993e-005,0.090193,0.0729932,-1.26115e-005,0.0291211
2.7,2.56889e-007,-3.17422e-007,5.81655e-009,-1.3431e-005,0.0886231,0.0717227,-1.23645e-005,0.0285507
2.706,2.87665e-007,-3.55449e-007,5.70033e-009,-1.31626e-005,0.087045,0.0704455,-1.21174e-005,0.0279802
2.712,3.1844e-007,-3.93476e-007,5.58408e-009,-1.28942e-005,0.0854587,0.0691617,-1.18703e-005,0.0274096
2.718,3.49216e-007,-4.31504e-007,5.4678e-009,-1.26257e-005,0.0838642,0.0678713,-1.16231e-005,0.0268389
2.724,3.79991e-007,-4.69531e-007,5.35151e-009,-1.23571e-005,0.0822617,0.0665744,-1.13759e-005,0.026268
2.73,4.10767e-007,-5.07558e-007,5.23519e-009,-1.20886e-005,0.080651,0.0652709,-1.11286e-005,0.0256971
2.736,4.41542e-007,-5.45586e-007,5.11886e-009,-1.18199e-005,0.0790322,0.0639608,-1.08813e-005,0.025126
2.742,4.72318e-007,-5.83613e-007,5.0025e-009,-1.15513e-005,0.0774053,0.0626441,-1.0634e-005,0.0245549
2.748,5.03093e-007,-6.2164e-007,4.88613e-009,-1.12825e-005,0.0757703,0.0613209,-1.03866e-005,0.0239837
2.754,5.33869e-007,-6.59667e-007,4.76974e-009,-1.10138e-005,0.0741271,0.0599911,-1.01392e-005,0.0234124
2.76,5.64644e-007,-6.97695e-007,4.65334e-009,-1.0745e-005,0.0724759,0.0586547,-9.89176e-006,0.022841
2.766,5.9542e-007,-7.35722e-007,4.53692e-009,-1.04762e-005,0.0708165,0.0573118,-9.6443e-006,0.0222696
2.772,6.26195e-007,-7.73749e-007,4.42049e-009,-1.02073e-005,0.069149,0.0559623,-9.3968e-006,0.0216981
2.778,6.56971e-007,-8.11776e-007,4.30406e-009,-9.93848e-006,0.0674734,0.0546062,-9.14928e-006,0.0211266
2.784,6.87746e-007,-8.49804e-007,4.18761e-009,-9.66959e-006,0.0657896,0.0532435,-8.90175e-006,0.020555
2.79,7.18522e-007,-8.87831e-007,4.07115e-009,-9.40068e-006,0.0640977,0.0518743,-8.65419e-006,0.0199834
2.796,7.49297e-007,-9.25858e-007,3.95469e-009,-9.13176e-006,0.0623978,0.0504985,-8.40662e-006,0.0194117
2.802,2.52644e-007,-3.12176e-007,3.83822e-009,-8.86282e-006,0.0606897,0.0491161,-8.15904e-006,0.01884
2.808,2.8134e-007,-3.47634e-007,3.72175e-009,-8.59387e-006,0.0589737,0.0477274,-7.91145e-006,0.0182683
2.814,3.10036e-007,-3.83091e-007,3.60527e-009,-8.32492e-006,0.0572499,0.0463323,-7.66385e-006,0.0176966
2.82,3.38731e-007,-4.18549e-007,3.48879e-009,-8.05596e-006,0.0555183,0.044931,-7.41625e-006,0.0171248
2.826,3.67427e-007,-4.54006e-007,3.37232e-009,-7.787e-006,0.0537789,0.0435233,-7.16865e-006,0.0165531
2.832,3.96123e-007,-4.89464e-007,3.25584e-009,-7.51804e-006,0.0520318,0.0421093,-6.92105e-006,0.0159814
2.838,4.24819e-007,-5.24921e-007,3.13936e-009,-7.24909e-006,0.0502768,0.040689,-6.67346e-006,0.0154097
2.844,4.53514e-007,-5.60379e-007,3.02289e-009,-6.98015e-006,0.0485141,0.0392625,-6.42587e-006,0.0148379
2.85,4.8221e-007,-5.95836e-007,2.90642e-009,-6.71121e-006,0.0467436,0.0378296,-6.17829e-006,0.0142663
2.856,5.10906e-007,-6.31294e-007,2.78996e-009,-6.44229e-006,0.0449652,0.0363904,-5.93072e-006,0.0136946
2.862,5.39602e-007,-6.66751e-007,2.67351e-009,-6.17339e-006,0.0431791,0.0349449,-5.68317e-006,0.013123
2.868,5.68297e-007,-7.02209e-007,2.55706e-009,-5.90451e-006,0.0413852,0.0334931,-5.43564e-006,0.0125514
2.874,5.96993e-007,-7.37666e-007,2.44063e-009,-5.63565e-006,0.0395835,0.032035,-5.18813e-006,0.0119799
2.88,6.25689e-007,-7.73124e-007,2.3242e-009,-5.36681e-006,0.0377741,0.0305705,-4.94064e-006,0.0114084
2.886,6.54385e-007,-8.08581e-007,2.20779e-009,-5.098e-006,0.0359568,0.0290998,-4.69318e-006,0.010837
2.892,6.8308e-007,-8.44039e-007,2.09139e-009,-4.82923e-006,0.0341317,0.0276228,-4.44575e-006,0.0102657
2.898,7.11776e-007,-8.79496e-007,1.97501e-009,-4.56049e-006,0.0322989,0.0261395,-4.19835e-006,0.00969438
2.904,1.1302e-007,-1.39651e-007,1.85864e-009,-4.29178e-006,0.0304583,0.0246499,-3.95098e-006,0.00912319
2.91,1.05956e-007,-1.30923e-007,1.74229e-009,-4.02312e-006,0.0286102,0.0231543,-3.70365e-006,0.00855208
2.916,9.88922e-008,-1.22195e-007,1.62596e-009,-3.7545e-006,0.0267548,0.0216527,-3.45636e-006,0.00798107
2.922,9.18284e-008,-1.13467e-007,1.50965e-009,-3.48592e-006,0.0248919,0.020145,-3.20911e-006,0.00741015
2.928,8.47647e-008,-1.04739e-007,1.39336e-009,-3.2174e-006,0.0230216,0.0186314,-2.96191e-006,0.00683934
2.934,7.7701e-008,-9.60104e-008,1.27709e-009,-2.94892e-006,0.021144,0.0171118,-2.71476e-006,0.00626863
2.94,7.06373e-008,-8.72822e-008,1.16085e-009,-2.68051e-006,0.0192588,0.0155862,-2.46765e-006,0.00569805
2.946,6.35735e-008,-7.8554e-008,1.04463e-009,-2.41215e-006,0.0173663,0.0140546,-2.2206e-006,0.00512759
2.952,5.65098e-008,-6.98257e-008,9.28436e-010,-2.14385e-006,0.0154664,0.0125169,-1.97361e-006,0.00455725
2.958,4.94461e-008,-6.10975e-008,8.12271e-010,-1.87561e-006,0.013559,0.0109733,-1.72667e-006,0.00398705
2.964,4.23824e-008,-5.23693e-008,6.96135e-010,-1.60744e-006,0.0116443,0.00942371,-1.4798e-006,0.003417
2.97,3.53186e-008,-4.36411e-008,5.8003e-010,-1.33934e-006,0.0097221,0.00786809,-1.23299e-006,0.00284709
2.976,2.82549e-008,-3.49129e-008,4.63956e-010,-1.07132e-006,0.0077925,0.00630647,-9.86248e-007,0.00227734
2.982,2.11912e-008,-2.61847e-008,3.47915e-010,-8.03368e-007,0.0058555,0.00473886,-7.39575e-007,0.00170775
2.988,1.41275e-008,-1.74564e-008,2.31907e-010,-5.35496e-007,0.00391108,0.00316524,-4.92974e-007,0.00113832
2.994,7.06373e-009,-8.72822e-009,1.15935e-010,-2.67706e-007,0.00195925,0.00158562,-2.46448e-007,0.000569072
